{
	"system" : {
		"platform" : "windows64",
		"os_name" : "Windows 8",
		"os_version" : "6.2"
	},
	"error" : {
		"executable" : "quartus",
		"comment" : "not_applicable",
		"error_message" : "_chdir (directory) == 0",
		"source_file" : "/quartus/ccl/thr/thr_interprocess.cpp",
		"line" : "368",
		"stack_trace" : "\t0x7fffff3423c2: ccl_thr + 0x23c2 (thr_internal_error + 0x32)\n\t0x7fffff345b5a: ccl_thr + 0x5b5a (?thr_ip_make_absolute@@YAPEADPEBD@Z + 0x18a)\n\t0x7fffff345db4: ccl_thr + 0x5db4 (thr_ip_mutex_create + 0x24)\n\t0x7fffee25a179: db_qtk + 0xa179 (?create_interprocess_mutex@QTK_RR_STATE@@CAPEAVTHR_IP_MUTEX_OBJ@@PEBD@Z + 0x109)\n\t0x7fffee29ddce: db_qtk + 0x4ddce (?load_or_create@QTK_RR_STATE@@SAPEAV1@AEBV?$basic_string@DU?$char_traits@D@std@@V?$allocator@D@2@@std@@@Z + 0xae)\n\t0x7fffee2a2bdf: db_qtk + 0x52bdf (?rapid_recompile_database_exists@QTK_DB_UTIL@@SA_NAEBV?$basic_string@DU?$char_traits@D@std@@V?$allocator@D@2@@std@@@Z + 0x35f)\n\t0x7ffffda09996: SYS_QUI + 0x49996 (?enable_processing_actions@QUI_PROCESSING_MENU@@UEAAX_N00@Z + 0x646)\n\t0x7ff80d267b76: SYS_QGQ + 0x7b76 (?on_sub_wnd_activated@QGQ_MAIN_WINDOW@@QEAAXPEAVQMdiSubWindow@@@Z + 0x216)\n\t 0x635dc420: QtCore4 + 0x11c420 (?activate@QMetaObject@@SAXPEAVQObject@@PEBU1@HPEAPEAX@Z + 0x520)\n\t 0x63b52d7c: QtGui4 + 0x3a2d7c (?documentMode@QMdiArea@@QEBA_NXZ + 0x26c)\n\t 0x63b51424: QtGui4 + 0x3a1424 (??_FQMdiArea@@QEAAXXZ + 0x494)\n\t 0x63b50786: QtGui4 + 0x3a0786 (?qt_static_metacall@QMdiArea@@CAXPEAVQObject@@W4Call@QMetaObject@@HPEAPEAX@Z + 0xf6)\n\t 0x635dc420: QtCore4 + 0x11c420 (?activate@QMetaObject@@SAXPEAVQObject@@PEBU1@HPEAPEAX@Z + 0x520)\n\t 0x63b6439a: QtGui4 + 0x3b439a (?windowStateChanged@QMdiSubWindow@@IEAAXV?$QFlags@W4WindowState@Qt@@@@0@Z + 0x3a)\n\t 0x63b60521: QtGui4 + 0x3b0521 (?resizeEvent@QMdiSubWindow@@MEAAXPEAVQResizeEvent@@@Z + 0x3c1)\n\t 0x63b579bb: QtGui4 + 0x3a79bb (?setActiveSubWindow@QMdiArea@@QEAAXPEAVQMdiSubWindow@@@Z + 0xfb)\n\t0x7ffffd9e25e2: SYS_QUI + 0x225e2 (?activate_mdi_window@QUI_FRAME_WND@@QEAAXPEAV1@PEAVQMdiSubWindow@@@Z + 0x72)\n\t0x7ffffd9e813a: SYS_QUI + 0x2813a (?find_open_file@QUI_FRAME_WND@@QEAA_NAEBVQString@@_N@Z + 0x19a)\n\t0x7ffffd9f1058: SYS_QUI + 0x31058 (?open_file@QUI_FRAME_WND@@UEAA_NAEBVQString@@_N1111@Z + 0x698)\n\t0x7ffffda09f26: SYS_QUI + 0x49f26 (?report_action@QUI_PROCESSING_MENU@@UEAAXXZ + 0x186)\n\t 0x635dc420: QtCore4 + 0x11c420 (?activate@QMetaObject@@SAXPEAVQObject@@PEBU1@HPEAPEAX@Z + 0x520)\n\t 0x637ba23f: QtGui4 + 0xa23f (?activate@QAction@@QEAAXW4ActionEvent@1@@Z + 0xdf)\n\t0x7ffffd9ef10e: SYS_QUI + 0x2f10e (?ntfq_msg_notify_flow_start@QUI_FRAME_WND@@UEAA_N_K_N@Z + 0xce)\n\t0x7ff80d182050: ccl_ntfq + 0x2050 (?dispatch_notify_msg@NTFQ_NOTIFY_TARGET@@IEAA_NPEBVNTFQ_NOTIFY_MAP@@I_K_N@Z + 0x60)\n\t0x7ff80d18210b: ccl_ntfq + 0x210b (?on_ntfq_notify@NTFQ_NOTIFY_TARGET@@UEAA_NI_K_N@Z + 0x3b)\n\t0x7ff80d182c71: ccl_ntfq + 0x2c71 (?broadcast_notify@NTFQ_NOTIFY_MGR@@UEAA_NI_K@Z + 0xb1)\n\t0x7ff8059348e9: sys_flow + 0x48e9 (?flow_call_cmd@@YA?AW4GEN_EXE_RETURN_CODE@@PEAVFLOW_FACADE@@PEBD@Z + 0x149)\n\t0x7ff805943ffc: sys_flow + 0x13ffc (?flow_generic_call@@YA?AW4GEN_EXE_RETURN_CODE@@PEAVFLOW_FACADE@@PEBD1_N@Z + 0x7c)\n\t0x7ff80594e6ee: sys_flow + 0x1e6ee (?flow_do_tm_portion@@YA?AW4GEN_EXE_RETURN_CODE@@PEAVFLOW_FACADE@@W4SMART_ACTION@HDB_CMP_ACTION_PT_INSTANCE@@@Z + 0x16e)\n\t0x7ff8059514f8: sys_flow + 0x214f8 (?flow_full_compile_or_simulate@@YA?AW4GEN_EXE_RETURN_CODE@@PEAVFLOW_FACADE@@UFLOW_INFO@@_NPEAV?$vector@V?$basic_string@DU?$char_traits@D@std@@V?$allocator@D@2@@std@@V?$allocator@V?$basic_string@DU?$char_traits@D@std@@V?$allocator@D@2@@std@@@2@@std@@@Z + 0x1c38)\n\t0x7ff8059529dd: sys_flow + 0x229dd (?flow_compile@@YA?AW4GEN_EXE_RETURN_CODE@@PEAVFLOW_FACADE@@UFLOW_INFO@@@Z + 0x2d)\n\t0x7ff805949964: sys_flow + 0x19964 (flow_execute_custom + 0x834)\n\t0x7ff8059490e9: sys_flow + 0x190e9 (flow_execute + 0x39)\n\t0x7ffffd9d1300: SYS_QUI + 0x11300 (?on_start_flow@QUI_APP@@MEAA?AW4GEN_EXE_RETURN_CODE@@HVQString@@@Z + 0x420)\n\t0x7ffffda12d45: SYS_QUI + 0x52d45 (?qt_static_metacall@QUI_APP@@CAXPEAVQObject@@W4Call@QMetaObject@@HPEAPEAX@Z + 0xa5)\n\t 0x635df9f7: QtCore4 + 0x11f9f7 (?event@QObject@@UEAA_NPEAVQEvent@@@Z + 0xe7)\n\t 0x637ce57d: QtGui4 + 0x1e57d (?event@QApplication@@MEAA_NPEAVQEvent@@@Z + 0x38d)\n\t 0x637d2e95: QtGui4 + 0x22e95 (?notify_helper@QApplicationPrivate@@QEAA_NPEAVQObject@@PEAVQEvent@@@Z + 0xf5)\n\t 0x637d2b2f: QtGui4 + 0x22b2f (?notify@QApplication@@UEAA_NPEAVQObject@@PEAVQEvent@@@Z + 0x17bf)\n\t 0x635cd92b: QtCore4 + 0x10d92b (?notifyInternal@QCoreApplication@@AEAA_NPEAVQObject@@PEAVQEvent@@@Z + 0x7b)\n\t 0x635cf502: QtCore4 + 0x10f502 (?sendPostedEvents@QCoreApplicationPrivate@@SAXPEAVQObject@@HPEAVQThreadData@@@Z + 0x2b2)\n\t 0x635f2fb8: QtCore4 + 0x132fb8 (?processEvents@QEventDispatcherWin32@@UEAA_NV?$QFlags@W4ProcessEventsFlag@QEventLoop@@@@@Z + 0xb98)\n\t0x7ff8119b1168: USER32 + 0x11168 (DispatchMessageW + 0x688)\n\t0x7ff8119b0c96: USER32 + 0x10c96 (DispatchMessageW + 0x1b6)\n\t 0x635f2802: QtCore4 + 0x132802 (?processEvents@QEventDispatcherWin32@@UEAA_NV?$QFlags@W4ProcessEventsFlag@QEventLoop@@@@@Z + 0x3e2)\n\t 0x63830eb4: QtGui4 + 0x80eb4 (?openPopup@QApplicationPrivate@@QEAAXPEAVQWidget@@@Z + 0x204)\n\t 0x635ca88b: QtCore4 + 0x10a88b (?exec@QEventLoop@@QEAAHV?$QFlags@W4ProcessEventsFlag@QEventLoop@@@@@Z + 0x22b)\n\t 0x635cce6f: QtCore4 + 0x10ce6f (?exec@QCoreApplication@@SAHXZ + 0xdf)\n\t0x7ff68246197b: quartus + 0x197b (?qgq_main@@YAHHPEAPEBD@Z + 0x7b)\n\t0x7fffff402928: CCL_MSG + 0x12928 (?msg_main_thread@@YAPEAXPEAX@Z + 0x18)\n\t0x7fffff403f4e: CCL_MSG + 0x13f4e (?msg_thread_wrapper@@YAPEAXP6APEAXPEAX@Z0@Z + 0x6e)\n\t0x7fffff684240: ccl_mem + 0x14240 (?mem_thread_wrapper@@YAPEAXP6APEAXPEAX@Z0@Z + 0x70)\n\t0x7fffff402011: CCL_MSG + 0x12011 (?msg_exe_main@@YAHHPEAPEBDP6AHH0@Z@Z + 0xa1)\n\t0x7ff6824624e7: quartus + 0x24e7 (WinMain + 0x127)\n\t0x7ff682461e58: quartus + 0x1e58 (__tmainCRTStartup + 0x148)\n\t0x7ff811908101: KERNEL32 + 0x18101 (BaseThreadInitThunk + 0x21)\n\t0x7ff81452c5b3: ntdll + 0x5c5b3 (RtlUserThreadStart + 0x33)\n",
		"subsystem" : "THR"
	},
	"quartus" : {
		"quartus_bits" : "64",
		"version" : "16.0.0",
		"build" : "211",
		"edition" : "Lite Edition"
	}
}